pagina,codice,descrizione,area,cattivi,eroi,titolo,nome_file
0901,56.30.02,Attività di somministrazione di bevande in lounge cocktail bar,HACCP,Dosagix|Acquaix,Hygienix|Blinkix,Attività di somministrazione di bevande in l — Pericolo vs Metodo81+,SICURIX_TALES_0901_563002_attivit_di_somministrazione_di_bevande_i_HACCP_v1.png
0902,56.30.03,Attività di somministrazione mobile di bevande,HACCP,Acquaix|Sporckix,Traccix|Checkix,Attività di somministrazione mobile di bevan — Pericolo vs Metodo81+,SICURIX_TALES_0902_563003_attivit_di_somministrazione_mobile_di_be_HACCP_v1.png
0903,56.30.04,Attività di somministrazione di bevande a bordo di mezzi di trasporto,HACCP,Sporckix|Crossix,Blinkix|Chefix,Attività di somministrazione di bevande a bo — Pericolo vs Metodo81+,SICURIX_TALES_0903_563004_attivit_di_somministrazione_di_bevande_a_HACCP_v1.png
0904,56.40.00,Attività di servizi di intermediazione per servizi di ristorazione,HACCP,Crossix|Temporix,Checkix|Hygienix,Attività di servizi di intermediazione per s — Pericolo vs Metodo81+,SICURIX_TALES_0904_564000_attivit_di_servizi_di_intermediazione_pe_HACCP_v1.png
0905,58.11.00,Edizione di libri,Privacy,Cancelix|Leakix,Privacix|Consensix,Edizione di libri — Pericolo vs Metodo81+,SICURIX_TALES_0905_581100_edizione_di_libri_PRIVACY_v1.png
0906,58.12.00,Edizione di quotidiani,Privacy,Leakix|Phishix,Cifrix|Documix,Edizione di quotidiani — Pericolo vs Metodo81+,SICURIX_TALES_0906_581200_edizione_di_quotidiani_PRIVACY_v1.png
0907,58.13.00,Edizione di riviste e periodici,Privacy,Phishix|Spyix,Consensix|Luxpectorix,Edizione di riviste e periodici — Pericolo vs Metodo81+,SICURIX_TALES_0907_581300_edizione_di_riviste_e_periodici_PRIVACY_v1.png
0908,58.19.00,"Altre attività editoriali, esclusa l'edizione di software",Privacy,Spyix|Hackix,Documix|Privacix,"Altre attività editoriali, esclusa l'edizion — Pericolo vs Metodo81+",SICURIX_TALES_0908_581900_altre_attivit_editoriali_esclusa_l_edizi_PRIVACY_v1.png
0909,58.21.00,Edizione di videogiochi,Privacy,Hackix|Permissionix,Luxpectorix|Cifrix,Edizione di videogiochi — Pericolo vs Metodo81+,SICURIX_TALES_0909_582100_edizione_di_videogiochi_PRIVACY_v1.png
0910,58.29.00,Edizione di altri software,Privacy,Permissionix|Cancelix,Privacix|Consensix,Edizione di altri software — Pericolo vs Metodo81+,SICURIX_TALES_0910_582900_edizione_di_altri_software_PRIVACY_v1.png
0911,59.11.00,"Attività di produzione cinematografica, di video e programmi televisivi",Privacy,Cancelix|Leakix,Cifrix|Documix,"Attività di produzione cinematografica, di v — Pericolo vs Metodo81+",SICURIX_TALES_0911_591100_attivit_di_produzione_cinematografica_di_PRIVACY_v1.png
0912,59.12.00,"Attività di post-produzione cinematografica, di video e programmi televisivi",Privacy,Leakix|Phishix,Consensix|Luxpectorix,"Attività di post-produzione cinematografica, — Pericolo vs Metodo81+",SICURIX_TALES_0912_591200_attivit_di_post_produzione_cinematografi_PRIVACY_v1.png
0913,59.13.00,"Attività di distribuzione cinematografica, di video e programmi televisivi",Privacy,Phishix|Spyix,Documix|Privacix,"Attività di distribuzione cinematografica, d — Pericolo vs Metodo81+",SICURIX_TALES_0913_591300_attivit_di_distribuzione_cinematografica_PRIVACY_v1.png
0914,59.14.00,Attività di proiezione cinematografica,Privacy,Spyix|Hackix,Luxpectorix|Cifrix,Attività di proiezione cinematografica — Pericolo vs Metodo81+,SICURIX_TALES_0914_591400_attivit_di_proiezione_cinematografica_PRIVACY_v1.png
0915,59.20.10,Attività di registrazione sonora,Privacy,Hackix|Permissionix,Privacix|Consensix,Attività di registrazione sonora — Pericolo vs Metodo81+,SICURIX_TALES_0915_592010_attivit_di_registrazione_sonora_PRIVACY_v1.png
0916,59.20.20,Editoria musicale,Privacy,Permissionix|Cancelix,Cifrix|Documix,Editoria musicale — Pericolo vs Metodo81+,SICURIX_TALES_0916_592020_editoria_musicale_PRIVACY_v1.png
0917,60.10.00,Attività di trasmissione radiofonica e distribuzione di audio,Privacy,Cancelix|Leakix,Consensix|Luxpectorix,Attività di trasmissione radiofonica e distr — Pericolo vs Metodo81+,SICURIX_TALES_0917_601000_attivit_di_trasmissione_radiofonica_e_di_PRIVACY_v1.png
0918,60.20.00,Attività di programmazione e trasmissione televisive e di distribuzione di video,Privacy,Leakix|Phishix,Documix|Privacix,Attività di programmazione e trasmissione te — Pericolo vs Metodo81+,SICURIX_TALES_0918_602000_attivit_di_programmazione_e_trasmissione_PRIVACY_v1.png
0919,60.31.00,Attività delle agenzie di stampa,Privacy,Phishix|Spyix,Luxpectorix|Cifrix,Attività delle agenzie di stampa — Pericolo vs Metodo81+,SICURIX_TALES_0919_603100_attivit_delle_agenzie_di_stampa_PRIVACY_v1.png
0920,60.39.00,Altre attività di distribuzione di contenuti,Privacy,Spyix|Hackix,Privacix|Consensix,Altre attività di distribuzione di contenuti — Pericolo vs Metodo81+,SICURIX_TALES_0920_603900_altre_attivit_di_distribuzione_di_conten_PRIVACY_v1.png
0921,61.10.01,Attività di telecomunicazioni fisse,Privacy,Hackix|Permissionix,Cifrix|Documix,Attività di telecomunicazioni fisse — Pericolo vs Metodo81+,SICURIX_TALES_0921_611001_attivit_di_telecomunicazioni_fisse_PRIVACY_v1.png
0922,61.10.02,Attività di telecomunicazioni mobili,Privacy,Permissionix|Cancelix,Consensix|Luxpectorix,Attività di telecomunicazioni mobili — Pericolo vs Metodo81+,SICURIX_TALES_0922_611002_attivit_di_telecomunicazioni_mobili_PRIVACY_v1.png
0923,61.10.03,Attività di telecomunicazioni satellitari,Privacy,Cancelix|Leakix,Documix|Privacix,Attività di telecomunicazioni satellitari — Pericolo vs Metodo81+,SICURIX_TALES_0923_611003_attivit_di_telecomunicazioni_satellitari_PRIVACY_v1.png
0924,61.20.00,Attività di rivendita di telecomunicazioni e attività di servizi di intermediazione per telecomunicazioni,Privacy,Leakix|Phishix,Luxpectorix|Cifrix,Attività di rivendita di telecomunicazioni e — Pericolo vs Metodo81+,SICURIX_TALES_0924_612000_attivit_di_rivendita_di_telecomunicazion_PRIVACY_v1.png
0925,61.90.10,Erogazione di servizi di accesso a Internet,Privacy,Phishix|Spyix,Privacix|Consensix,Erogazione di servizi di accesso a Internet — Pericolo vs Metodo81+,SICURIX_TALES_0925_619010_erogazione_di_servizi_di_accesso_a_inter_PRIVACY_v1.png
0926,61.90.20,Erogazione di servizi di messaggistica e di notifica,Privacy,Spyix|Hackix,Cifrix|Documix,Erogazione di servizi di messaggistica e di  — Pericolo vs Metodo81+,SICURIX_TALES_0926_619020_erogazione_di_servizi_di_messaggistica_e_PRIVACY_v1.png
0927,61.90.90,Altre attività di telecomunicazioni n.c.a.,Privacy,Hackix|Permissionix,Consensix|Luxpectorix,Altre attività di telecomunicazioni n.c.a. — Pericolo vs Metodo81+,SICURIX_TALES_0927_619090_altre_attivit_di_telecomunicazioni_n_c_a_PRIVACY_v1.png
0928,62.10.00,Attività di programmazione informatica,Privacy,Permissionix|Cancelix,Documix|Privacix,Attività di programmazione informatica — Pericolo vs Metodo81+,SICURIX_TALES_0928_621000_attivit_di_programmazione_informatica_PRIVACY_v1.png
0929,62.20.10,Attività di consulenza informatica,Privacy,Cancelix|Leakix,Luxpectorix|Cifrix,Attività di consulenza informatica — Pericolo vs Metodo81+,SICURIX_TALES_0929_622010_attivit_di_consulenza_informatica_PRIVACY_v1.png
0930,62.20.20,Attività di gestione di strutture informatiche,Privacy,Leakix|Phishix,Privacix|Consensix,Attività di gestione di strutture informatic — Pericolo vs Metodo81+,SICURIX_TALES_0930_622020_attivit_di_gestione_di_strutture_informa_PRIVACY_v1.png
0931,62.90.01,Configurazione di personal computer,Privacy,Phishix|Spyix,Cifrix|Documix,Configurazione di personal computer — Pericolo vs Metodo81+,SICURIX_TALES_0931_629001_configurazione_di_personal_computer_PRIVACY_v1.png
0932,62.90.09,Altre attività dei servizi connessi alle tecnologie dell'informazione e dell'informatica n.c.a.,Privacy,Spyix|Hackix,Consensix|Luxpectorix,Altre attività dei servizi connessi alle tec — Pericolo vs Metodo81+,SICURIX_TALES_0932_629009_altre_attivit_dei_servizi_connessi_alle__PRIVACY_v1.png
0933,63.10.10,"Fornitura di infrastrutture informatiche, hosting e attività connesse",Privacy,Hackix|Permissionix,Documix|Privacix,"Fornitura di infrastrutture informatiche, ho — Pericolo vs Metodo81+",SICURIX_TALES_0933_631010_fornitura_di_infrastrutture_informatiche_PRIVACY_v1.png
0934,63.10.21,Elaborazione dati contabili,Privacy,Permissionix|Cancelix,Luxpectorix|Cifrix,Elaborazione dati contabili — Pericolo vs Metodo81+,SICURIX_TALES_0934_631021_elaborazione_dati_contabili_PRIVACY_v1.png
0935,63.10.29,Elaborazione altri dati,Privacy,Cancelix|Leakix,Privacix|Consensix,Elaborazione altri dati — Pericolo vs Metodo81+,SICURIX_TALES_0935_631029_elaborazione_altri_dati_PRIVACY_v1.png
0936,63.91.00,Attività dei portali di ricerca sul web,Privacy,Leakix|Phishix,Cifrix|Documix,Attività dei portali di ricerca sul web — Pericolo vs Metodo81+,SICURIX_TALES_0936_639100_attivit_dei_portali_di_ricerca_sul_web_PRIVACY_v1.png
0937,63.92.00,Altre attività dei servizi di informazione,Privacy,Phishix|Spyix,Consensix|Luxpectorix,Altre attività dei servizi di informazione — Pericolo vs Metodo81+,SICURIX_TALES_0937_639200_altre_attivit_dei_servizi_di_informazion_PRIVACY_v1.png
0938,64.11.00,Attività delle banche centrali,Privacy,Spyix|Hackix,Documix|Privacix,Attività delle banche centrali — Pericolo vs Metodo81+,SICURIX_TALES_0938_641100_attivit_delle_banche_centrali_PRIVACY_v1.png
0939,64.19.10,Altre intermediazioni monetarie fornite da istituti monetari diversi dalla banca centrale,Privacy,Hackix|Permissionix,Luxpectorix|Cifrix,Altre intermediazioni monetarie fornite da i — Pericolo vs Metodo81+,SICURIX_TALES_0939_641910_altre_intermediazioni_monetarie_fornite__PRIVACY_v1.png
0940,64.19.20,Altre intermediazioni monetarie fornite da istituti di moneta elettronica,Misto,Fumix|Polverix|Permissionix,Scudix|Formix,Altre intermediazioni monetarie fornite da i — Pericolo vs Metodo81+,SICURIX_TALES_0940_641920_altre_intermediazioni_monetarie_fornite__MISTO_v1.png
0941,64.19.30,Altre intermediazioni monetarie fornite da Cassa Depositi e Prestiti (CDP),Misto,Polverix|Nondpix|Cancelix,Prepostix|Checkix,Altre intermediazioni monetarie fornite da C — Pericolo vs Metodo81+,SICURIX_TALES_0941_641930_altre_intermediazioni_monetarie_fornite__MISTO_v1.png
0942,64.21.00,Attività delle società di partecipazione (holding),Misto,Nondpix|Segnalex|Leakix,Formix|Scudix,Attività delle società di partecipazione (ho — Pericolo vs Metodo81+,SICURIX_TALES_0942_642100_attivit_delle_societ_di_partecipazione_h_MISTO_v1.png
0943,64.22.00,Attività dei conduit di finanziamento,Misto,Segnalex|Sottovalutix|Phishix,Checkix|Prepostix,Attività dei conduit di finanziamento — Pericolo vs Metodo81+,SICURIX_TALES_0943_642200_attivit_dei_conduit_di_finanziamento_MISTO_v1.png
0944,64.31.00,Attività dei fondi di investimento del mercato monetario e del mercato non monetario,Misto,Sottovalutix|Frettix|Spyix,Scudix|Formix,Attività dei fondi di investimento del merca — Pericolo vs Metodo81+,SICURIX_TALES_0944_643100_attivit_dei_fondi_di_investimento_del_me_MISTO_v1.png
0945,64.32.00,"Attività di conti fiduciari, per la gestione dell'eredità e di agenzia",Misto,Frettix|Improvvisix|Hackix,Prepostix|Checkix,"Attività di conti fiduciari, per la gestione — Pericolo vs Metodo81+",SICURIX_TALES_0945_643200_attivit_di_conti_fiduciari_per_la_gestio_MISTO_v1.png
0946,64.91.00,Leasing finanziario,Misto,Improvvisix|Caosix|Permissionix,Formix|Scudix,Leasing finanziario — Pericolo vs Metodo81+,SICURIX_TALES_0946_649100_leasing_finanziario_MISTO_v1.png
0947,64.92.10,Attività di factoring,Misto,Caosix|Segnalex|Cancelix,Checkix|Prepostix,Attività di factoring — Pericolo vs Metodo81+,SICURIX_TALES_0947_649210_attivit_di_factoring_MISTO_v1.png
0948,64.92.91,Altre attività di concessione del credito fornite dai consorzi di garanzia collettiva fidi,Privacy,Leakix|Phishix,Documix|Privacix,Altre attività di concessione del credito fo — Pericolo vs Metodo81+,SICURIX_TALES_0948_649291_altre_attivit_di_concessione_del_credito_PRIVACY_v1.png
0949,64.92.99,Altre attività varie di concessione del credito n.c.a.,Privacy,Phishix|Spyix,Luxpectorix|Cifrix,Altre attività varie di concessione del cred — Pericolo vs Metodo81+,SICURIX_TALES_0949_649299_altre_attivit_varie_di_concessione_del_c_PRIVACY_v1.png
0950,64.99.00,"Altre attività di servizi finanziari, ad esclusione di assicurazioni e fondi pensione n.c.a.",Privacy,Spyix|Hackix,Privacix|Consensix,"Altre attività di servizi finanziari, ad esc — Pericolo vs Metodo81+",SICURIX_TALES_0950_649900_altre_attivit_di_servizi_finanziari_ad_e_PRIVACY_v1.png
